uid,invoice_no,sale_date,sold_to_name,sold_to_type,sold_to_city,sold_to_phone
SMP0000000001,AX/25-26/1001,2024-07-12,Direct client E,direct,Ernakulam,9000000005
SMP0000000002,AX/25-26/1002,2024-07-08,Direct client E,direct,Ernakulam,9000000005
SMP0000000003,AX/25-26/1003,2024-07-07,Direct client E,direct,Ernakulam,9000000005
SMP0000000004,AX/25-26/1004,2024-07-26,Sample Dealer D,dealer,Kozhikode,9000000004
SMP0000000005,AX/25-26/1005,2024-09-06,Sample Dealer D,dealer,Kozhikode,9000000004
SMP0000000007,AX/25-26/1006,2024-08-09,Sample Dealer D,dealer,Kozhikode,9000000004
SMP0000000008,AX/25-26/1007,2024-10-28,Sample Dealer C,dealer,Thrissur,9000000003
SMP0000000009,AX/25-26/1008,2024-11-03,Sample Dealer B,dealer,Alappuzha,9000000002
SMP0000000010,AX/25-26/1009,2024-12-04,Sample Dealer B,dealer,Alappuzha,9000000002
SMP0000000011,AX/25-26/1010,2024-11-21,Direct client E,direct,Ernakulam,9000000005
SMP0000000013,AX/25-26/1011,2024-12-19,Direct client E,direct,Ernakulam,9000000005
SMP0000000014,AX/25-26/1012,2025-01-13,Sample Dealer C,dealer,Thrissur,9000000003
SMP0000000015,AX/25-26/1013,2025-04-05,Sample Dealer C,dealer,Thrissur,9000000003
SMP0000000016,AX/25-26/1014,2025-02-16,Sample Distributor A,distributor,Kochi,9000000001
SMP0000000017,AX/25-26/1015,2025-04-13,Sample Dealer D,dealer,Kozhikode,9000000004
SMP0000000019,AX/25-26/1016,2025-02-28,Sample Dealer C,dealer,Thrissur,9000000003
SMP0000000020,AX/25-26/1017,2025-02-26,Sample Dealer D,dealer,Kozhikode,9000000004
SMP0000000021,AX/25-26/1018,2025-04-01,Sample Distributor A,distributor,Kochi,9000000001
SMP0000000022,AX/25-26/1019,2025-07-24,Direct client E,direct,Ernakulam,9000000005
SMP0000000023,AX/25-26/1020,2025-08-24,Sample Dealer C,dealer,Thrissur,9000000003
SMP0000000025,AX/25-26/1021,2025-08-28,Direct client E,direct,Ernakulam,9000000005
SMP0000000026,AX/25-26/1022,2025-09-16,Direct client E,direct,Ernakulam,9000000005
SMP0000000027,AX/25-26/1023,2025-09-11,Sample Distributor A,distributor,Kochi,9000000001
SMP0000000028,AX/25-26/1024,2025-07-26,Sample Dealer C,dealer,Thrissur,9000000003
SMP0000000029,AX/25-26/1025,2026-04-30,Sample Distributor A,distributor,Kochi,9000000001
SMP0000000031,AX/25-26/1026,2026-03-08,Sample Dealer C,dealer,Thrissur,9000000003
SMP0000000032,AX/25-26/1027,2026-04-27,Sample Dealer C,dealer,Thrissur,9000000003
SMP0000000033,AX/25-26/1028,2026-04-19,Sample Dealer C,dealer,Thrissur,9000000003
SMP0000000034,AX/25-26/1029,2026-03-03,Sample Dealer D,dealer,Kozhikode,9000000004
SMP0000000035,AX/25-26/1030,2026-04-15,Sample Dealer B,dealer,Alappuzha,9000000002
