uid,model_code,series,batch_no,manufactured_on,firmware_version
SMP0000000001,OPT-ZZ-CLS-IPC-2MP,classic,B2406-01,2024-06-10,1.0.4
SMP0000000002,OPT-ZZ-PRO-NVR-16,pro,B2406-01,2024-06-10,1.0.4
SMP0000000003,OPT-ZZ-CLS-NVR-4,classic,B2406-01,2024-06-10,1.0.4
SMP0000000004,OPT-ZZ-PRO-IPC-4MP,pro,B2406-01,2024-06-10,1.0.4
SMP0000000005,OPT-ZZ-PRO-IPC-8MP,pro,B2406-01,2024-06-10,1.0.4
SMP0000000006,OPT-ZZ-PRO-IPC-8MP,pro,B2406-01,2024-06-10,1.0.4
SMP0000000007,OPT-ZZ-CLS-IPC-2MP,classic,B2406-01,2024-06-10,1.0.4
SMP0000000008,OPT-ZZ-PRO-IPC-4MP,pro,B2410-02,2024-10-22,1.1.0
SMP0000000009,OPT-ZZ-VAL-IPC-2MP,value,B2410-02,2024-10-22,1.1.0
SMP0000000010,OPT-ZZ-PRO-IPC-4MP,pro,B2410-02,2024-10-22,1.1.0
SMP0000000011,OPT-ZZ-PRO-IPC-8MP,pro,B2410-02,2024-10-22,1.1.0
SMP0000000012,OPT-ZZ-CLS-NVR-4,classic,B2410-02,2024-10-22,1.1.0
SMP0000000013,OPT-ZZ-CLS-NVR-4,classic,B2410-02,2024-10-22,1.1.0
SMP0000000014,OPT-ZZ-PRO-IPC-8MP,pro,B2410-02,2024-10-22,1.1.0
SMP0000000015,OPT-ZZ-VAL-IPC-2MP,value,B2501-01,2025-01-18,1.1.2
SMP0000000016,OPT-ZZ-PRO-IPC-8MP,pro,B2501-01,2025-01-18,1.1.2
SMP0000000017,OPT-ZZ-CLS-NVR-4,classic,B2501-01,2025-01-18,1.1.2
SMP0000000018,OPT-ZZ-PRO-IPC-4MP,pro,B2501-01,2025-01-18,1.1.2
SMP0000000019,OPT-ZZ-PRO-IPC-8MP,pro,B2501-01,2025-01-18,1.1.2
SMP0000000020,OPT-ZZ-VAL-IPC-2MP,value,B2501-01,2025-01-18,1.1.2
SMP0000000021,OPT-ZZ-PRO-IPC-4MP,pro,B2501-01,2025-01-18,1.1.2
SMP0000000022,OPT-ZZ-CLS-NVR-4,classic,B2506-03,2025-06-25,1.2.0
SMP0000000023,OPT-ZZ-PRO-IPC-4MP,pro,B2506-03,2025-06-25,1.2.0
SMP0000000024,OPT-ZZ-VAL-IPC-2MP,value,B2506-03,2025-06-25,1.2.0
SMP0000000025,OPT-ZZ-PRO-IPC-4MP,pro,B2506-03,2025-06-25,1.2.0
SMP0000000026,OPT-ZZ-PRO-NVR-16,pro,B2506-03,2025-06-25,1.2.0
SMP0000000027,OPT-ZZ-VAL-NVR-8,value,B2506-03,2025-06-25,1.2.0
SMP0000000028,OPT-ZZ-CLS-NVR-4,classic,B2506-03,2025-06-25,1.2.0
SMP0000000029,OPT-ZZ-PRO-NVR-16,pro,B2602-01,2026-02-09,1.3.1
SMP0000000030,OPT-ZZ-PRO-IPC-8MP,pro,B2602-01,2026-02-09,1.3.1
SMP0000000031,OPT-ZZ-VAL-NVR-8,value,B2602-01,2026-02-09,1.3.1
SMP0000000032,OPT-ZZ-PRO-NVR-16,pro,B2602-01,2026-02-09,1.3.1
SMP0000000033,OPT-ZZ-PRO-IPC-8MP,pro,B2602-01,2026-02-09,1.3.1
SMP0000000034,OPT-ZZ-VAL-IPC-2MP,value,B2602-01,2026-02-09,1.3.1
SMP0000000035,OPT-ZZ-CLS-IPC-2MP,classic,B2602-01,2026-02-09,1.3.1
